Wall time,Step,Value
1756310049.2165198,0,22.521739959716797
1756310215.634564,1036,21.915788650512695
1756310379.3309314,2082,21.544828414916992
1756310549.7432113,3124,21.364103317260742
1756310722.0473697,4166,21.65833282470703
1756310894.8191092,5198,21.849123001098633
1756311061.1133568,6227,21.745508193969727
1756311227.3537745,7263,21.49142837524414
1756311383.4983783,8291,21.645713806152344
1756311555.315411,9337,21.559999465942383
1756311709.9953148,10376,21.568571090698242
1756311872.00054,11419,21.385713577270508
1756312042.746453,12457,21.125713348388672
1756312214.5729184,13495,21.051427841186523
1756312382.1798036,14535,21.100000381469727
1756312548.9510524,15560,21.06571388244629
1756312717.9582107,16588,21.05714225769043
1756312889.9931548,17628,21.1200008392334
1756313061.1068654,18666,21.14285659790039
1756313232.6970563,19713,21.137142181396484
1756313404.156014,20753,21.18857192993164
