Wall time,Step,Value
1756310049.2176375,0,11.617956161499023
1756310215.6355946,1036,11.405294418334961
1756310379.3319755,2082,11.250910758972168
1756310549.7443652,3124,11.170943260192871
1756310722.0485044,4166,11.330949783325195
1756310894.820251,5198,11.437936782836914
1756311061.114292,6227,11.387365341186523
1756311227.3548713,7263,11.281054496765137
1756311383.499285,8291,11.361960411071777
1756311555.3163059,9337,11.312971115112305
1756311709.996379,10376,11.314677238464355
1756311872.001484,11419,11.218583106994629
1756312042.74746,12457,11.08292293548584
1756312214.5738468,13495,11.047948837280273
1756312382.180878,14535,11.071846008300781
1756312548.951984,15560,11.054231643676758
1756312717.9591892,16588,11.050213813781738
1756312889.994081,17628,11.083988189697266
1756313061.1079032,18666,11.095817565917969
1756313232.6980994,19713,11.092243194580078
1756313404.1570609,20753,11.119245529174805
